Discriminator Loss,Discriminator Accuracy,Generator Loss
0.6946977376937866,0.5245002508163452,1.2580022811889648
0.7972201704978943,0.3088689148426056,0.7188688516616821
0.6937834620475769,0.4827743172645569,0.6021880507469177
0.6973605155944824,0.5436601042747498,0.6661524772644043
0.6934493780136108,0.5169990658760071,0.7124410271644592
0.6929115056991577,0.4911423623561859,0.7180413603782654
0.6930564641952515,0.4879046678543091,0.699398398399353
0.692540168762207,0.49713370203971863,0.6839727163314819
0.6924840211868286,0.5059963464736938,0.6834454536437988
0.6923844814300537,0.5052640438079834,0.6952070593833923
0.6924241781234741,0.5003215670585632,0.6995465755462646
0.6921160221099854,0.4977729320526123,0.6939433813095093
0.6925328969955444,0.5006096363067627,0.6901035308837891
0.692340612411499,0.5019052028656006,0.6902129650115967
0.6925268173217773,0.5025107264518738,0.6927021741867065
0.6921221017837524,0.5018326044082642,0.6957008242607117
0.6920126676559448,0.4999942481517792,0.6931256055831909
0.6922601461410522,0.5012639164924622,0.6907849907875061
0.6923305988311768,0.5025627613067627,0.6921926736831665
0.6935229897499084,0.5020179152488708,0.6967244148254395
0.6941925287246704,0.4974040687084198,0.6880841851234436
0.6941520571708679,0.5014841556549072,0.691761314868927
0.6928963661193848,0.5018251538276672,0.6971414089202881
0.6919454336166382,0.49853846430778503,0.6883457899093628
0.6913701295852661,0.5044013857841492,0.6997101306915283
0.6902898550033569,0.49970218539237976,0.6949101090431213
0.6900982856750488,0.5029307007789612,0.6991454362869263
0.6900891065597534,0.49988770484924316,0.6867361664772034
0.6901201605796814,0.5073752403259277,0.7145469188690186
0.690239667892456,0.4930565655231476,0.671966016292572
0.6912640333175659,0.5132894515991211,0.7330292463302612
0.6924730539321899,0.4840569794178009,0.6560793519020081
0.6934033632278442,0.5193506479263306,0.7321949005126953
0.693634569644928,0.4827209413051605,0.6677114367485046
0.6939321756362915,0.5112767219543457,0.7047868967056274
0.6938050985336304,0.4962387979030609,0.6992196440696716
0.6942579746246338,0.49602049589157104,0.6828147172927856
0.6944632530212402,0.5050173401832581,0.705178439617157
0.6951796412467957,0.4928685426712036,0.6851332783699036
0.6946536898612976,0.5025863647460938,0.6967508792877197
0.6948582530021667,0.49659717082977295,0.6894103288650513
0.6945251226425171,0.5007675886154175,0.6939886212348938
0.6934640407562256,0.4994274079799652,0.6943029165267944
0.6939128637313843,0.49950000643730164,0.6928551197052002
0.6944174766540527,0.500117301940918,0.6953054666519165
0.6950976848602295,0.49792495369911194,0.6929956674575806
0.6958737373352051,0.4984031319618225,0.6911408305168152
0.6952192187309265,0.49924778938293457,0.6935985088348389
0.69414222240448,0.498550146818161,0.690105140209198
0.693413257598877,0.5010244250297546,0.6939955353736877
0.692306637763977,0.5005743503570557,0.6942520141601562
0.6918522715568542,0.5016842484474182,0.6990378499031067
0.694183886051178,0.4983200132846832,0.6910339593887329
0.6951829195022583,0.5010983347892761,0.7000155448913574
0.696370005607605,0.494843989610672,0.6823753118515015
0.6954717040061951,0.5027039051055908,0.69840407371521
0.6940313577651978,0.497239887714386,0.6900485754013062
0.6944136023521423,0.5008317828178406,0.6927602291107178
0.694534182548523,0.49966487288475037,0.6956917643547058
0.6933636665344238,0.4989338219165802,0.6959084868431091
0.694369912147522,0.4980772137641907,0.6890454292297363
0.6944520473480225,0.50226229429245,0.7040429711341858
0.6947216391563416,0.49292290210723877,0.6748641133308411
0.6943130493164062,0.5087127089500427,0.7156630754470825
0.695758581161499,0.48851922154426575,0.6720123887062073
0.6959035396575928,0.509254515171051,0.7111256122589111
0.6970229148864746,0.4888371229171753,0.6772818565368652
0.6962242722511292,0.5048822164535522,0.6985768675804138
0.6952493190765381,0.4955592751502991,0.6900041699409485
0.6958299875259399,0.500235915184021,0.6908907890319824
0.697516918182373,0.4980202913284302,0.691740870475769
0.6963402032852173,0.4978821277618408,0.6899981498718262
0.6951324939727783,0.4988788962364197,0.6901324391365051
0.6943306922912598,0.5010476112365723,0.6963834166526794
0.6933220624923706,0.49834999442100525,0.6897754073143005
0.692355215549469,0.5020734667778015,0.6953872442245483
0.6920268535614014,0.5001702904701233,0.695951521396637
0.6919163465499878,0.5012212991714478,0.6959739923477173
0.6945032477378845,0.5002512335777283,0.6959853172302246
0.6965031623840332,0.4974268674850464,0.6888999342918396
0.6963014602661133,0.4992435574531555,0.6927669644355774
0.6954365968704224,0.4986749291419983,0.6941821575164795
0.6943956613540649,0.4979080259799957,0.6859256625175476
0.6935431957244873,0.5036214590072632,0.706826388835907
0.6926565170288086,0.49357306957244873,0.6696140766143799
0.6924772262573242,0.5130648612976074,0.7317057251930237
0.6935465335845947,0.48221710324287415,0.6446102261543274
0.6958749294281006,0.5236700177192688,0.7347946763038635
0.6969422101974487,0.4795929789543152,0.6790198683738708
0.6965622305870056,0.5038707852363586,0.6862479448318481
0.6958534717559814,0.5032224655151367,0.7019579410552979
0.694879412651062,0.4943617880344391,0.693005383014679
0.6967414617538452,0.4985375702381134,0.6904230713844299
0.7005763053894043,0.49803420901298523,0.6888504028320312
0.7002594470977783,0.49588534235954285,0.6888206005096436
0.6991019248962402,0.4961704611778259,0.688121497631073
0.6979923248291016,0.49814099073410034,0.689251184463501
0.6973190903663635,0.4979354739189148,0.6895950436592102
0.6964905261993408,0.49817386269569397,0.6914041042327881
0.6951175928115845,0.4990651309490204,0.690071165561676
0.6945095062255859,0.4999031126499176,0.6918662786483765
0.6939421892166138,0.5002191066741943,0.6935021877288818
0.6933671236038208,0.49942535161972046,0.6917575001716614
0.692452073097229,0.5018970966339111,0.6994267106056213
0.6918054819107056,0.4983101785182953,0.6903809905052185
0.6911196708679199,0.5036393404006958,0.7021957635879517
0.6903941631317139,0.49790439009666443,0.6893866658210754
0.6900135278701782,0.5052797794342041,0.7049669623374939
0.6894034147262573,0.4989090859889984,0.6933882832527161
0.6884961128234863,0.5035155415534973,0.6982174515724182
0.6878796815872192,0.5029903650283813,0.7016054391860962
0.6878607273101807,0.5012227892875671,0.6938024163246155
0.686858057975769,0.5055516362190247,0.7135703563690186
0.685805082321167,0.49810194969177246,0.6701109409332275
0.6859061121940613,0.5191629528999329,0.7919260263442993
0.6881258487701416,0.462229460477829,0.553414523601532
0.6958435773849487,0.5817586183547974,0.8187847137451172
0.6890232563018799,0.4544164538383484,0.7223354578018188
0.682803750038147,0.4945164918899536,0.6642466187477112
0.6837270259857178,0.5249231457710266,0.7054937481880188
0.6807034611701965,0.5070515275001526,0.7318556308746338
0.6801545023918152,0.49500155448913574,0.6968823075294495
0.6787673234939575,0.5126389861106873,0.7105966806411743
0.6802792549133301,0.5072324275970459,0.7027960419654846
0.6950668096542358,0.5099185109138489,0.734607994556427
0.6980561017990112,0.48159801959991455,0.6697483062744141
0.6985263824462891,0.5100277066230774,0.697390079498291
0.6959925293922424,0.49707478284835815,0.6986045241355896
0.6949496865272522,0.4956856071949005,0.6873025298118591
0.6957342624664307,0.5018807053565979,0.6915332078933716
0.6957830190658569,0.4997974634170532,0.6958191394805908
0.6958747506141663,0.4973984956741333,0.6929956674575806
0.6962525844573975,0.49830737709999084,0.6921274065971375
0.6957162618637085,0.49849942326545715,0.6933858394622803
0.6949121952056885,0.4983564019203186,0.6923669576644897
0.6931577920913696,0.5003213286399841,0.6934416890144348
0.6926083564758301,0.5007227659225464,0.6960101127624512
0.6903234124183655,0.5014240145683289,0.698039710521698
0.6898087859153748,0.5018004179000854,0.6948177814483643
0.691807746887207,0.5027528405189514,0.6974726319313049
0.6929351091384888,0.5007253885269165,0.6993774175643921
0.6936966180801392,0.4975031912326813,0.6922138333320618
0.6935322284698486,0.50067538022995,0.6930113434791565
0.6942484378814697,0.49981552362442017,0.6949204802513123
0.6940286755561829,0.49922874569892883,0.6932526230812073
0.694604754447937,0.49919793009757996,0.692654550075531
0.6939825415611267,0.49996909499168396,0.6940215229988098
0.694582462310791,0.4995723068714142,0.6936586499214172
0.6945534944534302,0.4988650977611542,0.6930063366889954
0.6954857110977173,0.49931538105010986,0.6928586363792419
0.6957553625106812,0.49835410714149475,0.6925389766693115
0.6954157948493958,0.4988988935947418,0.6929196119308472
0.6950040459632874,0.49828246235847473,0.6913983821868896
0.6949896812438965,0.500023603439331,0.6932607889175415
0.6950476169586182,0.49945104122161865,0.6942281126976013
0.6951664686203003,0.4985548257827759,0.6934493184089661
0.6951982378959656,0.49877944588661194,0.6931774616241455
0.6949116587638855,0.4988449215888977,0.6924079656600952
0.6950879096984863,0.49928852915763855,0.6918395161628723
0.6954094171524048,0.4993104040622711,0.6927706003189087
0.6954144239425659,0.49868252873420715,0.692152738571167
0.6959496736526489,0.49810168147087097,0.690886914730072
0.6951416730880737,0.49986839294433594,0.6933765411376953
0.6956172585487366,0.49879515171051025,0.6922459602355957
0.6968711614608765,0.49847790598869324,0.6916316747665405
0.6961132287979126,0.49891090393066406,0.694011926651001
0.6975433230400085,0.4968167841434479,0.6901739239692688
0.7001721858978271,0.4977737367153168,0.6911959648132324
0.7001492977142334,0.4958028495311737,0.691372275352478
0.6995997428894043,0.4950838088989258,0.6881080865859985
0.6980776190757751,0.49782708287239075,0.6893994808197021
0.6964411735534668,0.4982902407646179,0.6921518445014954
0.6951018571853638,0.4976429045200348,0.688010573387146
0.693751335144043,0.5025214552879333,0.6981709003448486
0.69312584400177,0.49820834398269653,0.6954301595687866
0.6920113563537598,0.4997217655181885,0.6910474896430969
0.6912463903427124,0.502678394317627,0.6995993256568909
0.6888569593429565,0.5010620951652527,0.6980136036872864
0.6878191232681274,0.5027913451194763,0.7046241760253906
0.6870917081832886,0.500613808631897,0.6830976605415344
0.6866322159767151,0.5121465921401978,0.7462450265884399
0.6870032548904419,0.4844588339328766,0.6383072733879089
0.6901258230209351,0.5394445061683655,0.7624317407608032
0.6888000965118408,0.47777503728866577,0.6974062323570251
0.6941722631454468,0.504952609539032,0.6941938996315002
0.6951473951339722,0.4989453852176666,0.6710827350616455
0.6949272155761719,0.5108221769332886,0.7329442501068115
0.6958141326904297,0.4796820878982544,0.6508240699768066
0.6957765817642212,0.5202246308326721,0.7257848978042603
0.6964296102523804,0.4851587414741516,0.6773853898048401
0.696773111820221,0.5066934823989868,0.6941961050033569
0.699623703956604,0.4965228736400604,0.7024924755096436
0.7025099992752075,0.4889953136444092,0.6766039133071899
0.7013366222381592,0.500412106513977,0.687340259552002
0.6989213228225708,0.4977250397205353,0.6929448843002319
0.6983371376991272,0.4947052299976349,0.6837798953056335
0.6970258951187134,0.5010912418365479,0.6910174489021301
0.6946442723274231,0.49947136640548706,0.6955434679985046
0.6937849521636963,0.4984090030193329,0.6914628744125366
0.6915004253387451,0.5023309588432312,0.696795642375946
0.690895676612854,0.5004317760467529,0.6950833201408386
0.6898480653762817,0.502524197101593,0.6995105147361755
0.6888724565505981,0.5012721419334412,0.6961808204650879
0.688064455986023,0.5033152103424072,0.6960899829864502
0.6868001222610474,0.5046678185462952,0.7038228511810303
0.6866483688354492,0.5017721056938171,0.6980900764465332
0.6846904158592224,0.5058162808418274,0.7038512229919434
0.6834598779678345,0.5043013095855713,0.705392599105835
0.6819781064987183,0.505531907081604,0.7028506398200989
0.6832326650619507,0.5057175159454346,0.705142617225647
0.6827958822250366,0.5058595538139343,0.705746054649353
0.6857978105545044,0.5042500495910645,0.7015396952629089
0.6940567493438721,0.5045740604400635,0.707775890827179
0.6951682567596436,0.4930873513221741,0.6884193420410156
0.6937597990036011,0.5021482706069946,0.6935862898826599
0.6943986415863037,0.4998643398284912,0.6970535516738892
0.6952803134918213,0.4976280927658081,0.6901637315750122
0.6948020458221436,0.5011377930641174,0.6974135637283325
0.6953028440475464,0.49715447425842285,0.6897851824760437
0.697627067565918,0.49965232610702515,0.6945817470550537
0.6982442140579224,0.4967655837535858,0.691460371017456
0.6972987651824951,0.49833443760871887,0.6921685934066772
0.6957566738128662,0.49730533361434937,0.6892269253730774
0.6934609413146973,0.5016428828239441,0.6984825730323792
0.6920256018638611,0.49895724654197693,0.6944892406463623
0.6902704238891602,0.5022161602973938,0.6973560452461243
0.6891421675682068,0.5017570853233337,0.697577714920044
0.6878690719604492,0.5036419630050659,0.7022433280944824
0.6874862313270569,0.5019558072090149,0.6987304091453552
0.6898103952407837,0.5033178329467773,0.7017176151275635
0.6912119388580322,0.501293957233429,0.7013572454452515
0.6939252614974976,0.4972730875015259,0.687976598739624
0.6938802599906921,0.5038812756538391,0.7069271206855774
0.6927778720855713,0.4938472807407379,0.68212890625
0.6933230757713318,0.5059456825256348,0.7059497833251953
0.692535936832428,0.49618348479270935,0.6924064755439758
0.693745493888855,0.5011397004127502,0.6940212845802307
0.6936616897583008,0.5002825260162354,0.6974582076072693
0.6937533020973206,0.4997476637363434,0.6960186958312988
0.6942018270492554,0.49824392795562744,0.6898462772369385
0.6957076787948608,0.5025821924209595,0.7020604610443115
0.6983974575996399,0.4929949939250946,0.6864365339279175
0.6965799331665039,0.4999443292617798,0.6939681172370911
0.6966925859451294,0.49679362773895264,0.6900757551193237
0.6943192481994629,0.5003961324691772,0.6961143016815186
0.6935499906539917,0.4984297454357147,0.6925049424171448
0.6914515495300293,0.5022085905075073,0.6994568109512329
0.6918107271194458,0.4991415739059448,0.6936100125312805
0.6914387941360474,0.5037018656730652,0.705476701259613
0.6915002465248108,0.49672752618789673,0.6860113739967346
0.6957746744155884,0.5056036114692688,0.7098056674003601
0.6987001895904541,0.4892636239528656,0.6759795546531677
0.6968616247177124,0.5057073831558228,0.702985405921936
0.6957183480262756,0.49218958616256714,0.6807401776313782
0.6953200101852417,0.5043823719024658,0.7032391428947449
0.6942288279533386,0.4935358464717865,0.6817858815193176
0.6932274699211121,0.5070444345474243,0.7094582915306091
0.693085789680481,0.4940287470817566,0.687828540802002
0.6951060891151428,0.5039992332458496,0.7023611664772034
0.6967459321022034,0.4948870837688446,0.6903426647186279
0.6958698034286499,0.49923402070999146,0.6923700571060181
0.69526606798172,0.49869006872177124,0.6944716572761536
0.6932389736175537,0.49954360723495483,0.6944631934165955
0.690200924873352,0.5021858811378479,0.7008464932441711
0.6919194459915161,0.4988167881965637,0.690705418586731
0.6925129890441895,0.503422200679779,0.7030157446861267
0.6936922669410706,0.4967601001262665,0.6890258193016052
0.6913765072822571,0.5044270157814026,0.7067056894302368
0.692328929901123,0.49639254808425903,0.6892340183258057
0.6903911828994751,0.5054566860198975,0.7053099274635315
0.6920077800750732,0.495245099067688,0.6808461546897888
0.6927859783172607,0.5082414746284485,0.7144786715507507
0.6935787200927734,0.49126574397087097,0.6828826069831848
0.6919311285018921,0.5060815215110779,0.7034631967544556
0.6919144988059998,0.49854576587677,0.6964161396026611
0.6932275295257568,0.4991363286972046,0.6895699501037598
0.6932439804077148,0.5030076503753662,0.7020418643951416
0.6933125257492065,0.49676427245140076,0.6884689927101135
0.6961319446563721,0.5011157393455505,0.6953167915344238
0.695605993270874,0.4969943165779114,0.6899016499519348
0.6953587532043457,0.5009859204292297,0.6974242925643921
0.6972799301147461,0.49509066343307495,0.6854814291000366
0.6968272924423218,0.5025230646133423,0.7011576294898987
0.697840690612793,0.49235183000564575,0.6805931329727173
0.6983065605163574,0.5025835633277893,0.7002275586128235
0.696588933467865,0.49246394634246826,0.677827000617981
0.6945316791534424,0.506025493144989,0.7097849249839783
0.6936932802200317,0.49301934242248535,0.6857154965400696
0.6939690113067627,0.5043819546699524,0.7002933025360107
0.6941807270050049,0.49670350551605225,0.6895687580108643
0.6945239305496216,0.5015978813171387,0.6962647438049316
0.6951650977134705,0.4966576099395752,0.6861907243728638
0.695468544960022,0.5022972822189331,0.6996247172355652
0.695752739906311,0.4943055808544159,0.6807472109794617
0.6967343688011169,0.5036158561706543,0.6995482444763184
0.6969859600067139,0.49359583854675293,0.6848000288009644
0.6962983012199402,0.5027943253517151,0.698920726776123
0.6977510452270508,0.4935106337070465,0.6826081871986389
0.6965515613555908,0.5025138258934021,0.6988189220428467
0.6960976123809814,0.49401694536209106,0.6837927103042603
0.6952902674674988,0.503798246383667,0.7026169300079346
0.6955035924911499,0.49388664960861206,0.6817058324813843
0.6954888701438904,0.504657506942749,0.7038896083831787
0.6966349482536316,0.49301981925964355,0.6845155954360962
0.6964489221572876,0.5019832253456116,0.6964438557624817
0.6989529132843018,0.4940158724784851,0.6849720478057861
0.698655366897583,0.4991415739059448,0.6924102306365967
0.6966903209686279,0.497986376285553,0.6939679980278015
0.6955878138542175,0.4980638921260834,0.6911880970001221
0.6963624954223633,0.49858129024505615,0.6902507543563843
0.6962258815765381,0.4999772012233734,0.6969971656799316
0.6974353790283203,0.49649548530578613,0.6900376677513123
0.7004437446594238,0.4974135458469391,0.6898929476737976
0.702877402305603,0.49478137493133545,0.6873555779457092
0.7031919956207275,0.4960610270500183,0.6915215253829956
0.7020795345306396,0.49359971284866333,0.6850738525390625
0.701447606086731,0.4962669610977173,0.6858052611351013
0.7009284496307373,0.49653151631355286,0.6879476308822632
0.698637843132019,0.49773234128952026,0.6941021680831909
0.6962568759918213,0.4952244162559509,0.6787608861923218
0.696014404296875,0.5048297047615051,0.7163262367248535
0.6941864490509033,0.48736175894737244,0.6521133184432983
0.6933917999267578,0.521935224533081,0.7705487012863159
0.6938173770904541,0.46722903847694397,0.6384301781654358
0.692647397518158,0.5328323841094971,0.723205029964447
0.6886202096939087,0.4919480085372925,0.7176252603530884
0.6887497305870056,0.4928601086139679,0.6904056668281555
0.6879734992980957,0.5077469944953918,0.6882890462875366
0.6883289813995361,0.5081163644790649,0.7044806480407715
0.6861017346382141,0.5034056901931763,0.709912121295929
0.6881016492843628,0.4982714354991913,0.6945945620536804
0.691138505935669,0.5045908093452454,0.6990317702293396
0.6943854093551636,0.4990044832229614,0.6934120059013367
0.6939709186553955,0.4991362690925598,0.6949555277824402
0.6932997703552246,0.5002567768096924,0.6958667635917664
0.6945350766181946,0.4974205493927002,0.6878553628921509
0.6933538317680359,0.5036227107048035,0.7006190419197083
0.6932510137557983,0.4958055019378662,0.687659740447998
0.693260133266449,0.5038534998893738,0.7000985145568848
0.6933025121688843,0.49735984206199646,0.6900913715362549
0.6932752728462219,0.5033944249153137,0.6986162066459656
0.6942652463912964,0.4962955415248871,0.6923198103904724
0.6935865879058838,0.4999982714653015,0.6914342641830444
0.6929657459259033,0.5029889941215515,0.7003099322319031
0.6943780183792114,0.49604812264442444,0.6900710463523865
0.6947088241577148,0.5018513202667236,0.6950448751449585
0.6937002539634705,0.4989352524280548,0.6941043734550476
0.6927461624145508,0.5005317330360413,0.6978193521499634
0.695289134979248,0.4970676302909851,0.6892972588539124
0.6950530409812927,0.5007484555244446,0.6950833797454834
0.6955071091651917,0.49879851937294006,0.6942370533943176
0.6973058581352234,0.49905186891555786,0.6963015794754028
0.6992414593696594,0.49559715390205383,0.6892326474189758
0.6984286904335022,0.4974464476108551,0.6908294558525085
0.6963114142417908,0.4987472593784332,0.6938866376876831
0.6947795748710632,0.4974106252193451,0.6897515654563904
0.6933002471923828,0.5006856322288513,0.6973997354507446
0.6924173831939697,0.4999415874481201,0.6954836845397949
0.6905337572097778,0.5011107325553894,0.6983017921447754
0.6887565851211548,0.5017608404159546,0.6974456906318665
0.6881440877914429,0.503304123878479,0.7005786895751953
0.6880055665969849,0.5031925439834595,0.703844428062439
0.6885281205177307,0.5011382102966309,0.6996092796325684
0.6901686191558838,0.5020260810852051,0.702382504940033
0.6902971267700195,0.499269038438797,0.6881887316703796
0.6919260025024414,0.5060930848121643,0.7091740965843201
0.6935153603553772,0.49264687299728394,0.6744017004966736
0.6963172554969788,0.5092639327049255,0.719490110874176
0.6964527368545532,0.48507654666900635,0.6621485352516174
0.6963934898376465,0.5142949819564819,0.720126748085022
0.6949514746665955,0.4861423969268799,0.6769534349441528
0.6945823431015015,0.5074442028999329,0.6960076689720154
0.692270040512085,0.4992789030075073,0.7029883861541748
0.6896940469741821,0.4994176924228668,0.6961206793785095
0.6902174949645996,0.5019804239273071,0.6932902336120605
0.6910538673400879,0.5044928193092346,0.7063865661621094
0.6917006373405457,0.4969383180141449,0.6887102723121643
0.6928145885467529,0.5043686032295227,0.7038211226463318
0.6923166513442993,0.49538546800613403,0.6786247491836548
0.6948006749153137,0.5082974433898926,0.7218612432479858
0.6954506635665894,0.4843374192714691,0.6502878069877625
0.6952794194221497,0.5212148427963257,0.7430129051208496
0.694995105266571,0.47783732414245605,0.6801823377609253
0.6932618021965027,0.5066170692443848,0.6818857789039612
0.6947381496429443,0.5054969787597656,0.708770751953125
0.6947336792945862,0.4926728904247284,0.6923608183860779
0.6949317455291748,0.4997624158859253,0.6885809302330017
0.69324791431427,0.5022095441818237,0.6959509253501892
0.6932320594787598,0.4997747838497162,0.6986994743347168
0.6935922503471375,0.49773234128952026,0.6922433972358704
0.6930011510848999,0.5007739067077637,0.6925386190414429
0.692467212677002,0.5021268725395203,0.6979812383651733
0.6934382915496826,0.4976005256175995,0.692247211933136
0.692324161529541,0.5026185512542725,0.6954596638679504
0.6938568353652954,0.49935269355773926,0.6958709955215454
0.695642352104187,0.4981737434864044,0.6916515827178955
0.6960142850875854,0.49879923462867737,0.6916590929031372
0.6946914792060852,0.4998607635498047,0.6943258047103882
0.695248007774353,0.4972933232784271,0.6891835927963257
0.6954895257949829,0.501356840133667,0.6937869787216187
0.6958160400390625,0.4982473850250244,0.6939817667007446
0.6957974433898926,0.49826472997665405,0.6922812461853027
0.6976795196533203,0.4978111684322357,0.6912465691566467
0.6965295076370239,0.49860846996307373,0.6931367516517639
0.6956437826156616,0.49745726585388184,0.6905558705329895
0.6950632333755493,0.5007210969924927,0.6939520835876465
0.6957969665527344,0.49929237365722656,0.6954020857810974
0.6982145309448242,0.49613529443740845,0.6890286803245544
0.699386477470398,0.49791499972343445,0.6905263662338257
0.699565589427948,0.4958689212799072,0.6894053816795349
0.6962924003601074,0.49835026264190674,0.6920455694198608
0.695647656917572,0.498129665851593,0.6914348602294922
0.6941084265708923,0.5000922679901123,0.6933402419090271
0.6914548873901367,0.5020894408226013,0.7002691030502319
0.6911375522613525,0.4989999532699585,0.6934967041015625
0.6931412220001221,0.5014024972915649,0.694735586643219
0.6923010945320129,0.5024845600128174,0.704417884349823
0.6942867040634155,0.49495217204093933,0.6835833787918091
0.6939889192581177,0.5043432116508484,0.7035404443740845
0.6949089765548706,0.4961678683757782,0.6903181672096252
0.6943092942237854,0.5011300444602966,0.6952412128448486
0.6950938701629639,0.49705231189727783,0.6887732744216919
0.6954705715179443,0.5008589029312134,0.6946436166763306
0.6957364082336426,0.49810343980789185,0.693429708480835
0.6953468322753906,0.4983994960784912,0.6920760869979858
0.6959100365638733,0.4986802637577057,0.6910847425460815
0.6956443786621094,0.4989648461341858,0.692401647567749
0.695669412612915,0.49810463190078735,0.689684271812439
0.6961702108383179,0.49966156482696533,0.694675087928772
0.6962676644325256,0.4978070855140686,0.6918874382972717
0.6957792043685913,0.49861979484558105,0.6923105120658875
0.6958661079406738,0.49797534942626953,0.6892959475517273
0.6951711177825928,0.5013460516929626,0.7000476717948914
0.6952863931655884,0.4959177076816559,0.6842433214187622
0.6967191696166992,0.5025039315223694,0.7082771062850952
0.6956568956375122,0.49065497517585754,0.6639832854270935
0.694387674331665,0.5141410827636719,0.7460136413574219
0.694785475730896,0.47669944167137146,0.6436812877655029
0.6949596405029297,0.5263494253158569,0.7121059894561768
0.6944273710250854,0.4912535548210144,0.7139137983322144
0.6938650012016296,0.4900094270706177,0.6870387196540833
0.6943902373313904,0.502234160900116,0.6824901700019836
0.6941204071044922,0.5054062008857727,0.6954614520072937
0.6928777694702148,0.4990374445915222,0.700310230255127
0.6929247975349426,0.4977675974369049,0.6939335465431213
0.6936088800430298,0.49783021211624146,0.6886954307556152
0.6939973831176758,0.5033808350563049,0.6925258636474609
0.6930558085441589,0.500575840473175,0.6968653798103333
0.6936087608337402,0.49847742915153503,0.6953057646751404
0.6931517124176025,0.4996359944343567,0.6934269070625305
0.6937367916107178,0.499790221452713,0.6929242610931396
0.6935487389564514,0.5002831220626831,0.6931867003440857
0.6929650902748108,0.49959370493888855,0.6938735842704773
0.6929364204406738,0.5004894733428955,0.693215012550354
0.6934626698493958,0.5005479454994202,0.6935307383537292
0.6927978992462158,0.500933825969696,0.6948310732841492
0.693846583366394,0.4993417263031006,0.6942601799964905
0.6940993070602417,0.4990769922733307,0.6936137676239014
0.6936943531036377,0.4995279610157013,0.6938208937644958
0.6939332485198975,0.49984675645828247,0.6942476630210876
0.6938689947128296,0.49867600202560425,0.6935008764266968
0.6932393312454224,0.500391960144043,0.6936419606208801
0.6927608847618103,0.5009268522262573,0.6953773498535156
0.6927565336227417,0.49981018900871277,0.6947569847106934
0.6930363178253174,0.4989025890827179,0.6921534538269043
0.6924744844436646,0.5016166567802429,0.6942672729492188
0.6936259269714355,0.5002136826515198,0.6952195167541504
0.6944063901901245,0.49793583154678345,0.6923677921295166
0.694311261177063,0.5003486275672913,0.6920477151870728
0.6934728622436523,0.5004605650901794,0.6939584612846375
0.6934341192245483,0.4988994300365448,0.6934102773666382
0.6943216919898987,0.4993724822998047,0.6913753747940063
0.6936569213867188,0.5012022256851196,0.6946229338645935
0.6949491500854492,0.4985259771347046,0.6934012770652771
0.6945788264274597,0.4988928735256195,0.6924331784248352
0.6946348547935486,0.49889567494392395,0.691575825214386
0.6931482553482056,0.5010526180267334,0.6952738761901855
0.694749116897583,0.4980303943157196,0.6928120255470276
0.6932138204574585,0.500025749206543,0.6929805278778076
0.6931938529014587,0.5011775493621826,0.6951013207435608
0.6935669779777527,0.4991680979728699,0.6940392851829529
0.6937165260314941,0.4991593062877655,0.6922681331634521
0.6941863298416138,0.4993348717689514,0.6912639141082764
0.6944642066955566,0.5011454224586487,0.6941478252410889
0.6946786642074585,0.49816209077835083,0.693996787071228
0.6953058242797852,0.4982166588306427,0.6897458434104919
0.6956574320793152,0.49973738193511963,0.6920745372772217
0.6956969499588013,0.4991835653781891,0.6935567259788513
0.6970633268356323,0.4970734715461731,0.690470814704895
0.6956193447113037,0.49902424216270447,0.690894365310669
0.6943590641021729,0.49985748529434204,0.6953639388084412
0.694191038608551,0.49865099787712097,0.6929756999015808
0.6945244669914246,0.4999919533729553,0.6922134160995483
0.6945525407791138,0.4998184144496918,0.6935045123100281
0.6956911087036133,0.499347984790802,0.6933835744857788
0.695938766002655,0.49740245938301086,0.6906174421310425
0.6965281963348389,0.5006109476089478,0.6922190189361572
0.6988502740859985,0.4958268404006958,0.6903648376464844
0.6991667151451111,0.4982324540615082,0.6897547245025635
0.7005958557128906,0.4964524805545807,0.6896643042564392
0.7005276679992676,0.4965464472770691,0.6900279521942139
0.6988844871520996,0.4958555996417999,0.6894682049751282
0.6970087885856628,0.49843716621398926,0.6909863352775574
0.695791482925415,0.49727702140808105,0.6911376118659973
0.6939078569412231,0.5004386305809021,0.6932536959648132
0.6924829483032227,0.5008220076560974,0.6972923278808594
0.6904845237731934,0.5003112554550171,0.6979166269302368
0.6889365911483765,0.5014822483062744,0.6971935033798218
0.6876894235610962,0.5038069486618042,0.7014802694320679
0.6867397427558899,0.5025438070297241,0.7018587589263916
0.6843503713607788,0.5045577883720398,0.7041633129119873
0.6833237409591675,0.5043392181396484,0.7031744122505188
0.6823626756668091,0.5063531994819641,0.7046615481376648
0.6842118501663208,0.5066136121749878,0.7065972685813904
0.6864814758300781,0.5030710101127625,0.7005337476730347
0.6898131370544434,0.5028847455978394,0.7052370309829712
0.6927546858787537,0.49872180819511414,0.6913732290267944
0.6926753520965576,0.5013664364814758,0.7004425525665283
0.6918895840644836,0.49731048941612244,0.6823961734771729
0.6916710138320923,0.5077641010284424,0.713911235332489
0.6906882524490356,0.4939640760421753,0.6851752996444702
0.6913131475448608,0.5069272518157959,0.7020729184150696
0.6911110281944275,0.4978480935096741,0.6939054131507874
0.6923642158508301,0.5011205077171326,0.6922146677970886
0.6921367645263672,0.5017485618591309,0.6991283297538757
0.6932613849639893,0.49827128648757935,0.6930798292160034
0.6938164234161377,0.5007224082946777,0.6936250329017639
0.694250226020813,0.49965372681617737,0.6956143379211426
0.6937334537506104,0.4980216920375824,0.6899435520172119
0.6940179467201233,0.5026673078536987,0.7007839679718018
0.6955864429473877,0.4963386058807373,0.6923574805259705
0.6949750185012817,0.49888813495635986,0.6903069019317627
0.6956425905227661,0.4998875558376312,0.6933765411376953
0.6946391463279724,0.4981231391429901,0.6926634311676025
0.6955169439315796,0.4989311099052429,0.6925277709960938
0.6943325996398926,0.500522792339325,0.6980085968971252
0.6932889223098755,0.49680817127227783,0.6867965459823608
0.6922968626022339,0.505614161491394,0.7038041949272156
0.6913397908210754,0.49702224135398865,0.6922803521156311
0.6933799386024475,0.5020869970321655,0.6950294375419617
0.6936251521110535,0.49895256757736206,0.6932910084724426
0.6933567523956299,0.4999340772628784,0.6933234333992004
0.6933112740516663,0.5005289316177368,0.6961581707000732
0.693657398223877,0.49863511323928833,0.6923853158950806
0.6938189268112183,0.5003449320793152,0.6936222314834595
0.6948589086532593,0.49873173236846924,0.6922386288642883
0.6944727897644043,0.49966543912887573,0.694408655166626
0.6931194067001343,0.500053882598877,0.6959171891212463
0.6934420466423035,0.49842479825019836,0.6902092099189758
0.6930460929870605,0.5025814175605774,0.6989526152610779
0.6943484544754028,0.4968494474887848,0.6899355053901672
0.6928243637084961,0.5022760629653931,0.6981648802757263
0.6935341358184814,0.497873455286026,0.6911507248878479
0.693079948425293,0.5016240477561951,0.6966546773910522
0.6940096020698547,0.4986717104911804,0.6933122873306274
0.6929469108581543,0.4997326135635376,0.6914404034614563
0.6941019892692566,0.5012741684913635,0.6970386505126953
0.6935405135154724,0.4971124529838562,0.6873266696929932
0.6925969123840332,0.5042374134063721,0.7011775374412537
0.6928014159202576,0.49708884954452515,0.6907225251197815
0.6934296488761902,0.5007253289222717,0.6923787593841553
0.6928106546401978,0.5015876293182373,0.6996104717254639
0.6934820413589478,0.4971861243247986,0.6905458569526672
0.6932743191719055,0.5010687112808228,0.6938552856445312
0.6941319704055786,0.49919208884239197,0.6929659843444824
0.695572018623352,0.49984633922576904,0.693684458732605
0.6975277662277222,0.49926310777664185,0.6943508982658386
0.7012455463409424,0.49414920806884766,0.6846760511398315
0.7025091648101807,0.49786776304244995,0.6886815428733826
0.7003582715988159,0.4955742359161377,0.6903335452079773
0.6992678046226501,0.49531421065330505,0.6855874061584473
0.6973171234130859,0.4995785057544708,0.6908577084541321
0.6952438354492188,0.5002711415290833,0.6972333788871765
0.6921319961547852,0.49849933385849,0.6940380930900574
0.6895322799682617,0.5024093985557556,0.701994001865387
0.6870676279067993,0.5022162795066833,0.7014476656913757
0.6844897270202637,0.5051005482673645,0.7302539348602295
0.6828403472900391,0.49214673042297363,0.4419477880001068
0.7272581458091736,0.6528098583221436,1.1599372625350952
0.749090313911438,0.33880898356437683,0.5705819725990295
0.7122035622596741,0.5742248892784119,0.9190734624862671
0.7365021705627441,0.42872631549835205,0.6441103219985962
0.7075170278549194,0.5352706909179688,0.4802197515964508
0.7266701459884644,0.6237006783485413,0.7748499512672424
0.6949193477630615,0.46223288774490356,0.7792287468910217
0.6953849792480469,0.46005505323410034,0.7423787117004395
0.6931402087211609,0.47795650362968445,0.7114927768707275
0.6923459768295288,0.4919254183769226,0.6937196850776672
0.6927461624145508,0.5006788372993469,0.6851877570152283
0.6933521032333374,0.5051276683807373,0.6835780143737793
0.6932035684585571,0.5042088031768799,0.6887590885162354
0.6929455995559692,0.5020031332969666,0.6942269802093506
0.6926934123039246,0.5004226565361023,0.6958863139152527
0.6921947598457336,0.49902573227882385,0.6975803971290588
0.6924247741699219,0.4998205602169037,0.694613516330719
0.6928730607032776,0.5001906156539917,0.6932666301727295
0.6926183700561523,0.4989752173423767,0.6950955390930176
0.6926010847091675,0.5004182457923889,0.6933177709579468
0.692808210849762,0.5007789731025696,0.6923974752426147
0.6926952600479126,0.5009807348251343,0.6925334334373474
0.6924070119857788,0.5004572868347168,0.6944844722747803
0.6926451921463013,0.5001661777496338,0.694553554058075
0.6933243274688721,0.5008270740509033,0.6922512650489807
0.6929672360420227,0.49930042028427124,0.6950357556343079
0.6929123401641846,0.5000278353691101,0.6936863660812378
0.6928534507751465,0.5002410411834717,0.693560779094696
0.6924742460250854,0.5006712675094604,0.6937897205352783
0.6927632093429565,0.500399649143219,0.6938535571098328
0.6927515268325806,0.4998924732208252,0.6945269703865051
0.6931730508804321,0.4990955591201782,0.694795548915863
0.6930466890335083,0.49983465671539307,0.693550169467926
0.6931267976760864,0.4999622702598572,0.6933265924453735
0.6932123303413391,0.5003213286399841,0.692623496055603
0.6929590106010437,0.5001233816146851,0.6936978101730347
0.6933342218399048,0.5006924867630005,0.6923531889915466
0.6931491494178772,0.4991176724433899,0.6946043968200684
0.6930925846099854,0.499874472618103,0.6938367486000061
0.6932702660560608,0.5002108216285706,0.692888081073761
0.6931160092353821,0.500079333782196,0.6934732794761658
0.6928044557571411,0.5001711249351501,0.6939846873283386
0.6926977038383484,0.5002197623252869,0.6935515403747559
0.6930572986602783,0.49976032972335815,0.693916380405426
0.692977786064148,0.5002835392951965,0.6937347650527954
0.6929997205734253,0.49960240721702576,0.6941541433334351
0.6931294202804565,0.5000287294387817,0.6931678056716919
Discriminator Loss,Discriminator Accuracy,Generator Loss
0.6937180757522583,0.49177682399749756,0.43478354811668396
0.742609977722168,0.6445934176445007,0.8548922538757324
0.7067444920539856,0.43451109528541565,0.7091113924980164
0.6932637691497803,0.48831436038017273,0.6622287034988403
0.6935067176818848,0.5163829326629639,0.6808175444602966
0.6930574774742126,0.5059270262718201,0.7030238509178162
0.6925616264343262,0.496255487203598,0.7011083960533142
0.692650318145752,0.4960581660270691,0.6891188025474548
0.6924464702606201,0.5027065873146057,0.6919786334037781
0.6924971342086792,0.5014204382896423,0.6952136754989624
0.6923458576202393,0.5011570453643799,0.6968749165534973
0.6924821138381958,0.49853530526161194,0.6925637722015381
0.6926971077919006,0.5003598928451538,0.6941323280334473
0.6923028826713562,0.5001645088195801,0.6926389336585999
0.6924706101417542,0.5014899969100952,0.6932247877120972
0.6924489140510559,0.5003793239593506,0.6931120157241821
0.6922671794891357,0.5017149448394775,0.697406530380249
0.6918439865112305,0.4993748366832733,0.6907008290290833
0.6919369697570801,0.5031690001487732,0.699685275554657
0.691832423210144,0.49822762608528137,0.6892036199569702
0.692201554775238,0.5030335783958435,0.701434314250946
0.6923432350158691,0.4979967176914215,0.6886948347091675
0.6928384304046631,0.5025660395622253,0.7010411620140076
0.6929550766944885,0.4964546859264374,0.6796663403511047
0.693450927734375,0.5071127414703369,0.7236101627349854
0.6935103535652161,0.48616597056388855,0.6515374183654785
0.6947920322418213,0.5209856629371643,0.7522332072257996
0.6950856447219849,0.47293829917907715,0.6453671455383301
0.6945918798446655,0.5217195153236389,0.7180184125900269
0.6925028562545776,0.4903492033481598,0.6984803676605225
0.6915180683135986,0.49734771251678467,0.6799240112304688
0.6915085315704346,0.5088487267494202,0.7058058977127075
0.6910439729690552,0.4962078928947449,0.6926017999649048
0.6915411949157715,0.5040944218635559,0.700489342212677
0.692184329032898,0.499166339635849,0.6945326328277588
0.6928524971008301,0.4991146922111511,0.6852326989173889
0.6922979354858398,0.506022036075592,0.7143118381500244
0.6933012008666992,0.4902764856815338,0.6686155200004578
0.6940089464187622,0.5119209885597229,0.7212216258049011
0.6944065093994141,0.48659297823905945,0.667239248752594
0.6959013938903809,0.510974109172821,0.7130311727523804
0.6958609819412231,0.4896825850009918,0.6824916005134583
0.6949834823608398,0.5028599500656128,0.6888754963874817
0.6943625211715698,0.5027464628219604,0.7051956653594971
0.6933691501617432,0.4935000538825989,0.6749426126480103
0.6924974918365479,0.5089594721794128,0.7090163230895996
0.6917252540588379,0.49449408054351807,0.6866297721862793
0.690880298614502,0.5046647191047668,0.6973963379859924
0.6901273727416992,0.5016098618507385,0.7024489641189575
0.6906594038009644,0.4988330602645874,0.687930166721344
0.6908606290817261,0.5058981776237488,0.7102600336074829
0.6921371221542358,0.49433982372283936,0.6772433519363403
0.6934527158737183,0.5093989968299866,0.726509690284729
0.6945946216583252,0.48428961634635925,0.6498238444328308
0.6958824992179871,0.5200502276420593,0.745846688747406
0.6977832317352295,0.4744269549846649,0.6508638858795166
0.6984599828720093,0.5164365172386169,0.7093825340270996
0.6971951723098755,0.49090808629989624,0.6950680017471313
0.6960040330886841,0.49577537178993225,0.6831801533699036
0.6957963705062866,0.5007985830307007,0.6919435858726501
0.6940529346466064,0.500342845916748,0.7010498642921448
0.6932563781738281,0.4968399703502655,0.6933534145355225
0.6922328472137451,0.5001512765884399,0.6932618021965027
0.6913173198699951,0.5020052790641785,0.7017444372177124
0.689666748046875,0.4995874762535095,0.6958139538764954
0.68871009349823,0.5021458864212036,0.6996550559997559
0.6874954700469971,0.5033301711082458,0.7000196576118469
0.6871552467346191,0.502567708492279,0.6994370818138123
0.6867238283157349,0.5020500421524048,0.6939144730567932
0.6863499879837036,0.5076920390129089,0.7261303067207336
0.6881833672523499,0.49318909645080566,0.6422263383865356
0.6986338496208191,0.5309158563613892,0.8574368953704834
0.7094475030899048,0.4234839677810669,0.5905643701553345
0.7011097073554993,0.549854040145874,0.6988925933837891
0.6980204582214355,0.4975454807281494,0.6899271607398987
0.6968525648117065,0.4987700283527374,0.7085674405097961
0.6957173347473145,0.490874707698822,0.7027387022972107
0.6956219673156738,0.49363216757774353,0.6783864498138428
0.6961156129837036,0.5063075423240662,0.691569983959198
0.6964727640151978,0.498818963766098,0.6965751647949219
0.6962147951126099,0.49574416875839233,0.6918284893035889
0.6953209638595581,0.4992316961288452,0.6965296268463135
0.6949031949043274,0.4965900778770447,0.6904975175857544
0.6941512823104858,0.5002415776252747,0.6910532116889954
0.6932588815689087,0.5017650127410889,0.698128879070282
0.692831814289093,0.49789783358573914,0.6944423913955688
0.6918461322784424,0.5013858675956726,0.694631814956665
0.6918255090713501,0.500704288482666,0.6952301859855652
0.6935027837753296,0.49995481967926025,0.6931759119033813
0.6948394775390625,0.5002541542053223,0.6934723854064941
0.6949774026870728,0.499032199382782,0.6943991780281067
0.694649338722229,0.4981165826320648,0.692592978477478
0.694368302822113,0.5003827810287476,0.693844199180603
0.6948018074035645,0.4983642101287842,0.6932148933410645
0.6966805458068848,0.49814483523368835,0.6908423900604248
0.6974055171012878,0.49943774938583374,0.6920953392982483
0.6972782611846924,0.49761486053466797,0.691556453704834
0.6967238187789917,0.4973340928554535,0.6902401447296143
0.6951032280921936,0.4996415674686432,0.6928693652153015
0.6942862868309021,0.4980336129665375,0.6910913586616516
0.6924480199813843,0.5012902617454529,0.6952629685401917
0.691698431968689,0.5007797479629517,0.6969534158706665
0.6908557415008545,0.5013720393180847,0.6973249316215515
0.690043032169342,0.5005674958229065,0.6954696774482727
0.6890608668327332,0.503909170627594,0.7031196355819702
0.6882967352867126,0.49898478388786316,0.694699764251709
0.6874232292175293,0.5067236423492432,0.7067671418190002
0.6866796016693115,0.4998025596141815,0.6953370571136475
0.686103343963623,0.5070229768753052,0.7061527371406555
0.6845579743385315,0.49999281764030457,0.7011606693267822
0.6836071014404297,0.5063202381134033,0.712199866771698
0.6833540201187134,0.5018068552017212,0.7002975940704346
0.6841939091682434,0.5065662264823914,0.7166283130645752
0.6912568807601929,0.49961045384407043,0.6868234276771545
0.6959438323974609,0.5075810551643372,0.7576631307601929
0.7056254148483276,0.47534099221229553,0.6751087307929993
0.6986293792724609,0.5101104974746704,0.6527014970779419
0.693758487701416,0.5206214785575867,0.7505908012390137
0.6942036747932434,0.4743060767650604,0.647706925868988
0.6969451904296875,0.5237336158752441,0.7479279041290283
0.6960775256156921,0.4741171896457672,0.6586537957191467
0.6962471604347229,0.5153023600578308,0.6839799284934998
0.695317268371582,0.5039303302764893,0.7129246592521667
0.6943442821502686,0.48958075046539307,0.6943101286888123
0.6930102109909058,0.49941936135292053,0.6881327629089355
0.6906924247741699,0.5038970112800598,0.6968276500701904
0.6897403597831726,0.5032637715339661,0.701804518699646
0.6884276866912842,0.5004078149795532,0.6976504325866699
0.6880186796188354,0.5050545334815979,0.7039071917533875
0.6886332035064697,0.4992946684360504,0.6984634399414062
0.691821813583374,0.5024197101593018,0.6968787312507629
0.6943459510803223,0.49913474917411804,0.6936120390892029
0.6931804418563843,0.5007559061050415,0.6967270374298096
0.693016767501831,0.4988603889942169,0.6943853497505188
0.6927826404571533,0.49965935945510864,0.693601667881012
0.6935293078422546,0.5018219947814941,0.6966309547424316
0.694525420665741,0.498407244682312,0.6930422186851501
0.6931543946266174,0.5011529326438904,0.6976154446601868
0.6925228834152222,0.4982965588569641,0.693865954875946
0.6929364204406738,0.49991923570632935,0.6925461292266846
0.6920405030250549,0.5020534992218018,0.6964621543884277
0.6930833458900452,0.5010144114494324,0.6998754739761353
0.692889928817749,0.49757495522499084,0.691938042640686
0.6932088136672974,0.5011709332466125,0.6952669024467468
0.6934221982955933,0.4991551339626312,0.6938081979751587
0.6937137246131897,0.4997483789920807,0.6928904056549072
0.693300724029541,0.5016214847564697,0.6974961161613464
0.6941683292388916,0.4978635311126709,0.69266676902771
0.6938283443450928,0.4994024336338043,0.6937258243560791
0.6935123205184937,0.49993735551834106,0.6933611035346985
0.6923726201057434,0.5012068748474121,0.6946573853492737
0.6921796202659607,0.5009191036224365,0.6962531805038452
0.6919854879379272,0.5009503364562988,0.696414053440094
0.6931129097938538,0.49929752945899963,0.6924021244049072
0.6916982531547546,0.5021368265151978,0.6990493535995483
0.6919444799423218,0.49864643812179565,0.6932942271232605
0.6924940943717957,0.5013583898544312,0.6942470669746399
0.6928075551986694,0.500830888748169,0.697532594203949
0.692406177520752,0.49873247742652893,0.6918604969978333
0.6924899816513062,0.502652108669281,0.69805508852005
0.6924012303352356,0.49905407428741455,0.6927007436752319
0.6929298639297485,0.5003962516784668,0.6937141418457031
0.6934190988540649,0.5006706118583679,0.6966373324394226
0.6944564580917358,0.4975942373275757,0.6897962093353271
0.6946081519126892,0.5012243390083313,0.695302426815033
0.69432532787323,0.4979073703289032,0.6927998065948486
0.6942960023880005,0.4995138645172119,0.692505955696106
0.6943808794021606,0.500438392162323,0.6955752372741699
0.6949593424797058,0.49735379219055176,0.6876015663146973
0.6954362392425537,0.5003117322921753,0.6942398548126221
0.6948122978210449,0.49807658791542053,0.691856861114502
0.6954512596130371,0.4992196559906006,0.6916322112083435
0.694988489151001,0.4995744824409485,0.6951674818992615
0.6943343877792358,0.4989953637123108,0.6909639239311218
0.6947712898254395,0.49885308742523193,0.6919512152671814
0.694219708442688,0.5007190108299255,0.6956851482391357
0.6947005987167358,0.49766433238983154,0.689141035079956
0.693743884563446,0.5014880895614624,0.6970451474189758
0.6937820911407471,0.49834349751472473,0.6920048594474792
0.6931781768798828,0.501039445400238,0.6949604749679565
0.6943286657333374,0.4989984929561615,0.6915441155433655
0.693690299987793,0.4999752938747406,0.6926352977752686
0.6952723264694214,0.4990948438644409,0.6924892663955688
0.6959205865859985,0.49831023812294006,0.6899365782737732
0.6960211396217346,0.5007027983665466,0.6984109282493591
0.6942577362060547,0.4963734745979309,0.6909692287445068
0.6934579610824585,0.5017082095146179,0.697513222694397
0.6927125453948975,0.4986315667629242,0.6911680698394775
0.6937293410301208,0.5013556480407715,0.6953792572021484
0.6939797401428223,0.4986155033111572,0.6909158825874329
0.69391930103302,0.5014129877090454,0.6962883472442627
0.6945745348930359,0.49793487787246704,0.6918308138847351
0.6943566799163818,0.4998859465122223,0.692238986492157
0.6936686038970947,0.500072717666626,0.6939506530761719
0.6946392059326172,0.4984264373779297,0.6905343532562256
0.6941160559654236,0.5008421540260315,0.6965171694755554
0.6946266889572144,0.49736228585243225,0.6900485754013062
0.6939190626144409,0.5017303228378296,0.6958979964256287
0.6941515207290649,0.49828845262527466,0.6918319463729858
0.6944383382797241,0.4996979236602783,0.6919163465499878
0.6942515969276428,0.4999883770942688,0.692975640296936
0.6944366693496704,0.4996145963668823,0.6928884983062744
0.6955339908599854,0.49783846735954285,0.6895521283149719
0.6944308280944824,0.500984251499176,0.6952583193778992
0.695003867149353,0.49769648909568787,0.6909465789794922
0.6947479844093323,0.49970972537994385,0.6919417381286621
0.6950052976608276,0.49930107593536377,0.6927367448806763
0.6943356990814209,0.49960240721702576,0.6924399733543396
0.6948440074920654,0.4986830949783325,0.6904988288879395
0.6947863698005676,0.5003613233566284,0.6938381791114807
0.6946045160293579,0.4990575909614563,0.6936512589454651
0.693983793258667,0.49922892451286316,0.6928697228431702
0.6938521862030029,0.49931854009628296,0.6913552284240723
0.6944626569747925,0.5003644824028015,0.6937770843505859
0.6941415071487427,0.4993586838245392,0.6926286816596985
0.693770706653595,0.49950599670410156,0.692140519618988
0.6944376230239868,0.5006084442138672,0.6975539922714233
0.6939684152603149,0.497795969247818,0.6877590417861938
0.6951485276222229,0.5012264847755432,0.6972877979278564
0.6962534785270691,0.49611079692840576,0.6854583621025085
0.6971094608306885,0.5011252164840698,0.6976199150085449
0.6977452039718628,0.49482595920562744,0.6820943355560303
0.6972376108169556,0.5022808313369751,0.7027879357337952
0.6958023905754089,0.49281907081604004,0.6749370694160461
0.6943875551223755,0.5083693265914917,0.7276554107666016
0.6935194730758667,0.4837154746055603,0.638990581035614
0.6937546133995056,0.528282880783081,0.7758321166038513
0.6942498683929443,0.4629359543323517,0.6371419429779053
0.6941753625869751,0.5298193097114563,0.7022788524627686
0.6942095756530762,0.49738243222236633,0.7166104316711426
0.6944742798805237,0.4886249601840973,0.6907037496566772
0.6945780515670776,0.4999092221260071,0.6813253164291382
0.6951510310173035,0.5054458379745483,0.6932075023651123
0.6952970027923584,0.4983474612236023,0.6986402869224548
0.6954384446144104,0.4964025914669037,0.6930945515632629
0.6959875822067261,0.4986274838447571,0.6901906728744507
0.6973434686660767,0.4999397397041321,0.6906101107597351
0.6966339349746704,0.49744051694869995,0.6933812499046326
0.6949539184570312,0.49858909845352173,0.6924486756324768
0.6937403678894043,0.4995262622833252,0.694426953792572
0.6925413608551025,0.5003883838653564,0.6964628100395203
0.6942659616470337,0.49969637393951416,0.6949870586395264
0.6963765025138855,0.49905917048454285,0.6948354840278625
0.6955480575561523,0.4976302683353424,0.6963056921958923
0.6943079233169556,0.4967395067214966,0.6955119967460632
0.6930146217346191,0.4994094967842102,0.6959276795387268
0.6912068128585815,0.5004037022590637,0.6993054151535034
0.6901054382324219,0.5002315044403076,0.6987149119377136
0.6888861656188965,0.5013408064842224,0.6994353532791138
0.6883509755134583,0.5024539828300476,0.7001301050186157
0.68718421459198,0.5020365715026855,0.7000396251678467
0.6891025304794312,0.5045045018196106,0.7001898884773254
0.6908183693885803,0.5026283860206604,0.703135073184967
0.6924735903739929,0.4976108968257904,0.6966288685798645
0.6916741132736206,0.5003013014793396,0.6905060410499573
0.6910915374755859,0.5027127265930176,0.6967115998268127
0.6912634372711182,0.5011568069458008,0.6902759671211243
0.6910450458526611,0.5054047107696533,0.712328314781189
0.6920496225357056,0.49266117811203003,0.6736003160476685
0.6935350894927979,0.5138557553291321,0.7378513813018799
0.6950305104255676,0.481075644493103,0.6818405985832214
0.6923073530197144,0.5077559947967529,0.6830787062644958
0.6924985647201538,0.505775511264801,0.7004235982894897
0.6924700736999512,0.49890223145484924,0.7033339142799377
0.6916861534118652,0.4957256019115448,0.6912714242935181
0.6922527551651001,0.5017462372779846,0.6894719004631042
0.6925598382949829,0.5042880773544312,0.6961407661437988
0.6937540173530579,0.49807968735694885,0.694855809211731
0.6944290995597839,0.4993650019168854,0.6936401128768921
0.6943225264549255,0.499566912651062,0.6951819062232971
0.6948490142822266,0.4973219335079193,0.690208375453949
0.6941725611686707,0.5006698966026306,0.6927530765533447
0.6938457489013672,0.5000399947166443,0.6954744458198547
0.6931260228157043,0.49862220883369446,0.6926474571228027
0.6932651996612549,0.5004867911338806,0.6934975981712341
0.6930423974990845,0.5006915926933289,0.6969615817070007
0.6935515403747559,0.49804946780204773,0.6924017071723938
0.693390965461731,0.5011425018310547,0.6935572028160095
0.6926265954971313,0.500659167766571,0.6965413093566895
0.6924487352371216,0.49933212995529175,0.6934518218040466
0.6932333707809448,0.5007785558700562,0.6947298645973206
0.6933825016021729,0.49912604689598083,0.6931161284446716
0.693515419960022,0.501060962677002,0.6937536597251892
0.6940609216690063,0.5003766417503357,0.6960071325302124
0.692905843257904,0.49763453006744385,0.6912446618080139
0.6925318241119385,0.5023248791694641,0.6975148916244507
0.6925304532051086,0.49863335490226746,0.6923815011978149
0.692227303981781,0.5016814470291138,0.6940991282463074
0.6911290884017944,0.5025180578231812,0.7002145648002625
0.6920960545539856,0.49830105900764465,0.6941203474998474
0.6920108199119568,0.5013223886489868,0.6949104070663452
0.6913458108901978,0.5007457137107849,0.6961866021156311
0.6911805868148804,0.500932514667511,0.6956920623779297
0.692784309387207,0.4995904564857483,0.6939207315444946
0.6917985677719116,0.5013112425804138,0.6952500939369202
0.6913222074508667,0.5012195706367493,0.6973448395729065
0.6924238204956055,0.49920138716697693,0.6932753920555115
0.6925758719444275,0.5012133717536926,0.6950647234916687
0.6919268369674683,0.5008342266082764,0.6963827610015869
0.692795991897583,0.49925464391708374,0.6940274834632874
0.6916143894195557,0.5012500882148743,0.695841908454895
0.6914699077606201,0.5011304616928101,0.6973141431808472
0.6926296949386597,0.4988427758216858,0.6923545598983765
0.692078173160553,0.5023049116134644,0.6980448961257935
0.6926089525222778,0.4984084963798523,0.6913408041000366
0.6934807300567627,0.5012438893318176,0.6946926712989807
0.6930227279663086,0.4999728798866272,0.6919192671775818
0.694429874420166,0.5006886124610901,0.6990558505058289
0.6945370435714722,0.4971526861190796,0.6896388530731201
0.6946171522140503,0.50175940990448,0.7006802558898926
0.697258472442627,0.49582144618034363,0.6861739158630371
0.6971344947814941,0.5006071925163269,0.7010253071784973
0.6954036951065063,0.4942544102668762,0.678040087223053
0.6929891109466553,0.5068231821060181,0.7107324004173279
0.6912956237792969,0.4940260946750641,0.6843805909156799
0.6915385723114014,0.5069414377212524,0.7045942544937134
0.691290020942688,0.49756714701652527,0.6953577399253845
0.6924561262130737,0.5011475086212158,0.6971266269683838
0.6922106742858887,0.5002697110176086,0.6956771016120911
0.6938211917877197,0.49860087037086487,0.6919907331466675
0.6921199560165405,0.5021426677703857,0.6957026720046997
0.6934012174606323,0.49960997700691223,0.6946848034858704
0.6941621899604797,0.4998081922531128,0.6959664821624756
0.6938554048538208,0.49802136421203613,0.6908406019210815
0.6945112943649292,0.4999926686286926,0.6937457919120789
0.6931635141372681,0.5005035400390625,0.6949223279953003
0.6922910213470459,0.5001451373100281,0.6948761940002441
0.6924551725387573,0.5007940530776978,0.6978249549865723
0.6931765675544739,0.4980311095714569,0.689491868019104
0.6928200721740723,0.5025572776794434,0.6999877095222473
0.6925421953201294,0.4982437491416931,0.6924729347229004
0.6920340657234192,0.5017191171646118,0.695986270904541
0.6918542385101318,0.5002326369285583,0.6928206086158752
0.6925579309463501,0.5015833973884583,0.6968406438827515
0.6933257579803467,0.49838948249816895,0.6919876337051392
0.6930466294288635,0.5012691020965576,0.6944607496261597
0.6944960355758667,0.4999290704727173,0.695676326751709
0.6952121257781982,0.4973490834236145,0.6931148767471313
0.6981276869773865,0.49828651547431946,0.6897252798080444
0.7014235258102417,0.4980497658252716,0.6939136981964111
0.7016043663024902,0.49174225330352783,0.6787850260734558
0.698596715927124,0.5014750361442566,0.6957798004150391
0.6970171928405762,0.4953416585922241,0.6885342597961426
0.6952502727508545,0.49991172552108765,0.6936399340629578
0.6929886341094971,0.5001159906387329,0.6951584815979004
0.6917151212692261,0.5004124045372009,0.6926237344741821
0.6905995011329651,0.5024229884147644,0.6969698071479797
0.6894674301147461,0.5022991299629211,0.699787437915802
0.6870673894882202,0.5024794340133667,0.6985334157943726
0.6860792636871338,0.5042895078659058,0.698238730430603
0.6845479011535645,0.5061576962471008,0.711334764957428
0.6832098960876465,0.5011102557182312,0.6911646127700806
0.68131422996521,0.5138444304466248,0.7439684867858887
0.6810088157653809,0.48974186182022095,0.6342048048973083
0.6834953427314758,0.5441659688949585,0.8482916951179504
0.6904598474502563,0.443393349647522,0.650604784488678
0.6889662146568298,0.5341264605522156,0.6820687651634216
0.6893118023872375,0.5125771760940552,0.7317986488342285
0.6935007572174072,0.4836823642253876,0.699241578578949
0.6930606365203857,0.49801114201545715,0.6799436807632446
0.6936745047569275,0.5064820051193237,0.6929795742034912
0.6925384998321533,0.5023476481437683,0.7068437933921814
0.6925247311592102,0.49398908019065857,0.6930509805679321
0.6944442987442017,0.5007414221763611,0.6890237927436829
0.6961591243743896,0.5013604760169983,0.697512149810791
0.6952313184738159,0.49543893337249756,0.6947478652000427
0.6948922276496887,0.4973865747451782,0.6872656941413879
0.6944472789764404,0.5019632577896118,0.6894097328186035
0.6944593191146851,0.5024227499961853,0.6993389129638672
0.6942245960235596,0.4961344599723816,0.6956029534339905
0.6941088438034058,0.49818840622901917,0.6921966671943665
0.6937011480331421,0.5004837512969971,0.6917176842689514
0.6927635669708252,0.5026444792747498,0.6991224884986877
0.6937726736068726,0.4968692362308502,0.6937610507011414
0.6944068074226379,0.5003001093864441,0.6918822526931763
0.6935140490531921,0.5000098943710327,0.6942036151885986
0.6935313940048218,0.49991339445114136,0.6968692541122437
0.6940382719039917,0.49842265248298645,0.6918581128120422
0.6956453323364258,0.4990118443965912,0.6927372813224792
0.6954448819160461,0.49901214241981506,0.6943917870521545
0.6935479640960693,0.49910807609558105,0.6953594088554382
0.69310462474823,0.499060720205307,0.6933096051216125
0.6928613185882568,0.5001754760742188,0.6926330327987671
0.692979097366333,0.5012937784194946,0.69649338722229
0.6932014226913452,0.49990248680114746,0.694195032119751
0.6929436326026917,0.49957916140556335,0.694355309009552
0.6934857964515686,0.5003616213798523,0.6941997408866882
0.6922335624694824,0.5001510381698608,0.695720374584198
0.6924931406974792,0.5000250935554504,0.6962845325469971
0.6920971274375916,0.4995093047618866,0.6927623748779297
0.6927022933959961,0.501255214214325,0.6941293478012085
0.6919186115264893,0.5008556246757507,0.6963255405426025
0.6921442151069641,0.5004277229309082,0.6960371136665344
0.6919703483581543,0.500280499458313,0.6956382989883423
0.6928943991661072,0.4998863935470581,0.6948595643043518
0.6930475234985352,0.49898234009742737,0.6925833225250244
0.6925115585327148,0.5014618039131165,0.6951068043708801
0.6921271085739136,0.5012905597686768,0.6955101490020752
0.6932773590087891,0.4992252588272095,0.6926161050796509
0.6925613880157471,0.4998754560947418,0.692067563533783
0.6920071840286255,0.5029207468032837,0.6981201171875
0.6921399831771851,0.4992685616016388,0.6971299052238464
0.6925226449966431,0.4989524185657501,0.6912862658500671
0.6921719312667847,0.5026856064796448,0.695833146572113
0.6917248964309692,0.5003809928894043,0.6980574727058411
0.6932424306869507,0.49774932861328125,0.689943790435791
0.692819356918335,0.5020988583564758,0.6941682696342468
0.6931130886077881,0.5009313821792603,0.6965379118919373
0.6938187479972839,0.498346745967865,0.69423508644104
0.6936940550804138,0.4999177157878876,0.6915478706359863
0.6933227181434631,0.5012081861495972,0.6971964836120605
0.6932137608528137,0.4978967010974884,0.6904922723770142
0.6931565999984741,0.5019702315330505,0.696393609046936
0.6943753957748413,0.49899086356163025,0.6935182809829712
0.6976330876350403,0.4989810585975647,0.6943633556365967
0.6999731063842773,0.4962644875049591,0.6934948563575745
0.700256884098053,0.49423277378082275,0.6909053921699524
0.697927713394165,0.4966992437839508,0.6873136162757874
0.6960505247116089,0.499898225069046,0.6929810047149658
0.6935956478118896,0.49935829639434814,0.6951320171356201
0.6918045282363892,0.5011370778083801,0.6966694593429565
0.6911982297897339,0.5002883672714233,0.6943894028663635
0.6892247200012207,0.503099262714386,0.6978874802589417
0.687139630317688,0.5040339827537537,0.7083375453948975
0.6858758330345154,0.4993816614151001,0.6931329965591431
0.6843712329864502,0.5086544156074524,0.7214053273200989
0.6827977895736694,0.4973277747631073,0.6877472400665283
0.6816637516021729,0.5168288350105286,0.7384694814682007
0.6813679933547974,0.49122482538223267,0.6706951260566711
0.6831499338150024,0.5237796306610107,0.7377866506576538
0.6826361417770386,0.49344509840011597,0.7080450654029846
0.6855899095535278,0.5055145621299744,0.6853610873222351
0.6885635852813721,0.5131508111953735,0.7399262189865112
0.6930885910987854,0.48202380537986755,0.651528537273407
0.6937901973724365,0.5230323672294617,0.746645450592041
0.6946578025817871,0.4761119782924652,0.6661480665206909
0.6945247650146484,0.5131320953369141,0.68327796459198
0.693099319934845,0.5064319372177124,0.7154296636581421
0.6936590671539307,0.48981478810310364,0.7003340125083923
0.6927130818367004,0.49778982996940613,0.6783943772315979
0.6928220987319946,0.507229208946228,0.6955927014350891
0.6932156085968018,0.4995478093624115,0.7004079222679138
0.6939871907234192,0.49665597081184387,0.6912601590156555
0.693588137626648,0.5007351636886597,0.6928009986877441
0.6927942037582397,0.5017733573913574,0.6979565620422363
0.6927118301391602,0.4982614517211914,0.6935645937919617
0.6936804056167603,0.499969482421875,0.6923736333847046
0.6942457556724548,0.5000141263008118,0.6935615539550781
0.6951805949211121,0.49972599744796753,0.6916667819023132
0.695388674736023,0.498982310295105,0.6940861344337463
0.6958586573600769,0.49823567271232605,0.6909325122833252
0.6962800621986389,0.4992022216320038,0.6920163035392761
0.6963532567024231,0.497888445854187,0.689719021320343
0.6965597867965698,0.4987792670726776,0.6927043795585632
0.6969540119171143,0.49835678935050964,0.691283643245697
0.697404146194458,0.4980822503566742,0.6932782530784607
0.6962078809738159,0.49767208099365234,0.692035436630249
0.6938514709472656,0.4997978210449219,0.6947135925292969
0.6925485134124756,0.5001910924911499,0.6965190768241882
0.6901100277900696,0.5010610818862915,0.6955432295799255
0.6899359226226807,0.502480685710907,0.6995623111724854
0.690527081489563,0.5028126239776611,0.6985994577407837
0.6944226026535034,0.5001436471939087,0.6988007426261902
0.693506121635437,0.4976236820220947,0.6938492655754089
0.6930816173553467,0.5002661943435669,0.6926028728485107
0.6928678750991821,0.5020194053649902,0.6977902054786682
0.6938683986663818,0.49784985184669495,0.6928572058677673
0.6932535767555237,0.500146746635437,0.6938100457191467
0.6928650140762329,0.5010606646537781,0.6953447461128235
0.6928379535675049,0.4997725784778595,0.6949697732925415
0.6934424042701721,0.49872347712516785,0.6931119561195374
0.6930961608886719,0.5014677047729492,0.6948610544204712
0.6927686333656311,0.49924030900001526,0.6954128742218018
0.6930834054946899,0.49923941493034363,0.6919969320297241
0.6930779814720154,0.5020191073417664,0.6959134936332703
0.6930621862411499,0.4987732768058777,0.6940982937812805
0.6935940980911255,0.49945685267448425,0.6910499334335327
0.6938401460647583,0.5012910962104797,0.6946768164634705
0.6938821077346802,0.49875718355178833,0.6930327415466309
0.6934165358543396,0.5002493858337402,0.6937196850776672
0.6939364671707153,0.4999471604824066,0.693874716758728
0.693961501121521,0.499429851770401,0.6957694888114929
0.6946477890014648,0.49752098321914673,0.690380871295929
0.6938444375991821,0.5016148090362549,0.6950411796569824
0.6945970058441162,0.497964084148407,0.693938672542572
0.6934560537338257,0.4999277889728546,0.6934753656387329
0.6937589645385742,0.5000848770141602,0.6954394578933716
0.6946996450424194,0.49798452854156494,0.6911683678627014
0.6935829520225525,0.5016113519668579,0.6964678764343262
0.6948271989822388,0.49710631370544434,0.6915021538734436
0.6947690844535828,0.5011997818946838,0.6947948336601257
0.6961121559143066,0.4972400963306427,0.6914629340171814
0.6956009864807129,0.499164879322052,0.6931647658348083
0.6943879127502441,0.49884432554244995,0.6912152767181396
0.6945151090621948,0.5005964040756226,0.6950099468231201
0.6944519281387329,0.49848175048828125,0.6929609179496765
0.6943199634552002,0.4995425343513489,0.6932779550552368
0.6944711804389954,0.4991757869720459,0.6939267516136169
0.6944886445999146,0.49987533688545227,0.6963383555412292
0.6940523982048035,0.49780112504959106,0.6907216906547546
0.6927580237388611,0.502058207988739,0.698678731918335
0.6917254328727722,0.4992413818836212,0.6940873861312866
0.6926491260528564,0.500775933265686,0.6953350901603699
0.6931532621383667,0.4991418421268463,0.693817675113678
0.6924200057983398,0.5020089149475098,0.6955481171607971
0.6927870512008667,0.4998050332069397,0.6980272531509399
0.6936188340187073,0.49730154871940613,0.6893351674079895
0.6928635835647583,0.5025091171264648,0.6964650750160217
0.6929150819778442,0.498432457447052,0.6932542324066162
0.6929757595062256,0.5011220574378967,0.6933092474937439
0.6923625469207764,0.5011206269264221,0.6976305246353149
0.6923578977584839,0.4987974464893341,0.6925355792045593
0.6925641298294067,0.5011615753173828,0.6951667070388794
0.6926906108856201,0.499732106924057,0.6954061388969421
0.6932135224342346,0.49964648485183716,0.6931857466697693
0.6932628154754639,0.500410795211792,0.6940310001373291
0.6935967206954956,0.4996204376220703,0.6933442950248718
0.692731499671936,0.5011439323425293,0.6956737041473389
0.693771481513977,0.4985654354095459,0.6913387775421143
0.6944329738616943,0.5001785755157471,0.692911684513092
0.6944464445114136,0.4995540976524353,0.6936790943145752
0.6943219900131226,0.4986371695995331,0.6910225749015808
0.6935752630233765,0.5006341338157654,0.695311427116394
0.6934352517127991,0.49889785051345825,0.6915379166603088
0.6928226351737976,0.5011519193649292,0.6937382221221924
0.6923274993896484,0.5013979077339172,0.6995782256126404
0.6923480033874512,0.49807003140449524,0.6911947727203369
0.6930849552154541,0.5013735890388489,0.6940009593963623
0.6932189464569092,0.5007185339927673,0.6992612481117249
0.6951759457588196,0.49671459197998047,0.6898260712623596
0.6998515129089355,0.5004385113716125,0.6962182521820068
0.7043533325195312,0.49407660961151123,0.6932620406150818
0.7041562795639038,0.49020424485206604,0.6832820773124695
0.7007272839546204,0.49749302864074707,0.6855668425559998
0.6996526718139648,0.49754834175109863,0.692036509513855
0.6973639726638794,0.49649426341056824,0.6900229454040527
0.694955587387085,0.49920815229415894,0.6932002305984497
0.6937440037727356,0.4995099902153015,0.6957108378410339
0.6918482780456543,0.5005228519439697,0.697007954120636
0.6900936365127563,0.5008163452148438,0.6973451375961304
0.6881372928619385,0.502636730670929,0.6983118653297424
0.6867517232894897,0.5035521984100342,0.7004512548446655
0.6850769519805908,0.5050660967826843,0.7060765027999878
0.684173583984375,0.5023477673530579,0.7043552398681641
0.6827548742294312,0.5068522095680237,0.709113597869873
0.6809375286102295,0.5033625960350037,0.7034034132957458
0.6792217493057251,0.5090572237968445,0.7134807109832764
0.6792930364608765,0.5063437819480896,0.7140792608261108
0.6809701919555664,0.5051887631416321,0.6952512264251709
0.683603048324585,0.5132906436920166,0.7982153296470642
0.6933897733688354,0.46514853835105896,0.5346238017082214
0.7139031887054443,0.6012200117111206,0.8539155721664429
0.7038732767105103,0.43490877747535706,0.6408551931381226
0.6963550448417664,0.5265002250671387,0.7142274975776672
0.6971912384033203,0.49267062544822693,0.7102826833724976
0.694258451461792,0.4892684519290924,0.6802648901939392
0.6936435699462891,0.5076801776885986,0.6824989318847656
0.6927030682563782,0.5053492784500122,0.6994149684906006
0.6928719282150269,0.4987635910511017,0.7010214924812317
0.694195568561554,0.49706849455833435,0.6933345198631287
0.6952680945396423,0.49876803159713745,0.6903157830238342
0.6953338384628296,0.49911946058273315,0.6886540055274963
0.694952666759491,0.5019458532333374,0.6956537365913391
0.6944713592529297,0.4971809685230255,0.6965436339378357
0.6940712928771973,0.49877890944480896,0.694256067276001
0.6943362951278687,0.49712803959846497,0.6875752806663513
0.6935217380523682,0.503085196018219,0.6923310160636902
0.6941389441490173,0.4993147552013397,0.6944490671157837
0.6933774948120117,0.4997776746749878,0.6933159828186035
0.693447470664978,0.5000105500221252,0.6936678886413574
0.6943438053131104,0.49954864382743835,0.6922909617424011
0.694345235824585,0.4997483193874359,0.6936312913894653
0.6944950819015503,0.4988969564437866,0.6925142407417297
0.6938446164131165,0.4995729327201843,0.6924750804901123
0.6940258741378784,0.5007600784301758,0.6931310296058655
0.6932580471038818,0.499018132686615,0.6933100819587708
0.6932298541069031,0.5003772974014282,0.6922051310539246
0.6934261322021484,0.5004594922065735,0.6929678916931152
0.692915678024292,0.5012491941452026,0.6966006755828857
0.693077802658081,0.498943030834198,0.6956275105476379
0.6926589012145996,0.4987759292125702,0.6911895275115967
0.6930978298187256,0.5013867020606995,0.6912515759468079
0.6935713291168213,0.5017907619476318,0.6952342987060547
0.6935834884643555,0.49797749519348145,0.6962680220603943
0.693791389465332,0.498370885848999,0.6934012770652771
0.6927998065948486,0.5019536018371582,0.693747878074646
0.6938735246658325,0.4995913803577423,0.6952212452888489
0.6940828561782837,0.49792224168777466,0.6929183006286621
0.6937965154647827,0.5011862516403198,0.6923730969429016
0.6931714415550232,0.4989628493785858,0.6940159797668457
0.6935278177261353,0.4992707073688507,0.6917887330055237
0.6930704712867737,0.501182496547699,0.694435179233551
0.6925927400588989,0.501503050327301,0.6966693997383118
0.6931048631668091,0.49767807126045227,0.6945481896400452
0.6925760507583618,0.4999314844608307,0.6926171779632568
0.6930030584335327,0.5009908676147461,0.6930590867996216
0.6923185586929321,0.5018550753593445,0.6964368224143982
0.6931015253067017,0.4981844425201416,0.6953598856925964
0.6928045749664307,0.49981972575187683,0.6920568346977234
0.6930232048034668,0.5009168386459351,0.693850576877594
0.6926385164260864,0.5005496144294739,0.6960746645927429
0.6927136182785034,0.4991670846939087,0.6930251121520996
0.6927138566970825,0.5004137754440308,0.6918187141418457
0.6921370029449463,0.5030993819236755,0.6966065168380737
0.69233238697052,0.49862414598464966,0.696974515914917
0.6929876804351807,0.49944964051246643,0.6917598247528076
0.6933388710021973,0.5009132623672485,0.6924940347671509
0.692650556564331,0.500505268573761,0.6961391568183899
0.6930981874465942,0.498922735452652,0.694884181022644
0.6935380697250366,0.49970516562461853,0.6930135488510132
0.6925700306892395,0.5011405944824219,0.6939823627471924
0.6932973265647888,0.4993015229701996,0.6936711668968201
0.6930538415908813,0.5010847449302673,0.6948394179344177
0.6942128539085388,0.4991561472415924,0.6935726404190063
0.6957434415817261,0.4993823170661926,0.6918516755104065
0.6946340799331665,0.4987814724445343,0.6927362680435181
0.6926352977752686,0.5017760396003723,0.6964917778968811
0.6934108734130859,0.4986818730831146,0.6951120495796204
0.693822979927063,0.49992331862449646,0.6944018602371216
0.6924750804901123,0.5009147524833679,0.6959231495857239
0.6924480199813843,0.5006027817726135,0.6977356672286987
0.6929353475570679,0.49834969639778137,0.6938096880912781
0.6920132637023926,0.5022140741348267,0.6951382160186768
0.6932762861251831,0.4999323785305023,0.6957176327705383
0.692810595035553,0.49980345368385315,0.6949983239173889
